VehicleId	VehicleType	CarrierId	DriverID	serviceTime	roadTime	travelDistance	vehicleCost	legCount
freight_real_SBWARENHAUS_TIEFKUEHL_veh_light8t_frozen_electro_63891_0	org.matsim.vehicles.VehicleType@710d89e2	-1	freight_real_SBWARENHAUS_TIEFKUEHL_veh_light8t_frozen_electro_63891_0	9144.0	3237.0	16184.745373889398	-8.416317128010876	3
freight_lidl_DISCOUNTER_TROCKEN_veh_heavy26t_electro_159381_17	org.matsim.vehicles.VehicleType@e8e0dec	-1	freight_lidl_DISCOUNTER_TROCKEN_veh_heavy26t_electro_159381_17	61552.0	28233.0	118580.71669228103	-52.9635839815576	7
freight_kaiser_SUPERMARKT_TROCKEN_veh_heavy26t_electro_112414_11	org.matsim.vehicles.VehicleType@e8e0dec	-1	freight_kaiser_SUPERMARKT_TROCKEN_veh_heavy26t_electro_112414_11	71674.0	32016.0	84537.78053889664	-96.01119801199435	13
freight_kaufland_SBWARENHAUS_TROCKEN_veh_heavy40t_49046_5	org.matsim.vehicles.VehicleType@12d1f1d4	-1	freight_kaufland_SBWARENHAUS_TROCKEN_veh_heavy40t_49046_5	70558.0	30583.0	376362.60957225005	88.73123060485277	5
freight_kaufland_SBWARENHAUS_TROCKEN_veh_heavy40t_49046_4	org.matsim.vehicles.VehicleType@12d1f1d4	-1	freight_kaufland_SBWARENHAUS_TROCKEN_veh_heavy40t_49046_4	73076.0	31297.0	356060.1349856369	70.73126314008965	5
freight_kaufland_SBWARENHAUS_TROCKEN_veh_heavy40t_49046_3	org.matsim.vehicles.VehicleType@12d1f1d4	-1	freight_kaufland_SBWARENHAUS_TROCKEN_veh_heavy40t_49046_3	47922.0	18366.0	200047.57164274322	35.36688443349301	3
freight_lidl_DISCOUNTER_TROCKEN_veh_heavy26t_electro_159381_12	org.matsim.vehicles.VehicleType@e8e0dec	-1	freight_lidl_DISCOUNTER_TROCKEN_veh_heavy26t_electro_159381_12	73794.0	34534.0	132899.66329331114	-73.52884242881588	7
freight_kaufland_SBWARENHAUS_TROCKEN_veh_heavy40t_49046_2	org.matsim.vehicles.VehicleType@12d1f1d4	-1	freight_kaufland_SBWARENHAUS_TROCKEN_veh_heavy40t_49046_2	73428.0	31467.0	358005.90974252205	71.12354772234055	5
freight_kaufland_SBWARENHAUS_TROCKEN_veh_heavy40t_49046_1	org.matsim.vehicles.VehicleType@12d1f1d4	-1	freight_kaufland_SBWARENHAUS_TROCKEN_veh_heavy40t_49046_1	70934.0	31845.0	407341.3699915075	103.05199529414003	5
freight_kaufland_SBWARENHAUS_TROCKEN_veh_heavy40t_49046_0	org.matsim.vehicles.VehicleType@12d1f1d4	-1	freight_kaufland_SBWARENHAUS_TROCKEN_veh_heavy40t_49046_0	73094.0	31294.0	376998.356930712	85.19540628219129	5
freight_real_SBWARENHAUS_FRISCHE_veh_heavy26t_63891_0	org.matsim.vehicles.VehicleType@75fa1be3	-1	freight_real_SBWARENHAUS_FRISCHE_veh_heavy26t_63891_0	69634.0	30841.0	115287.12670534968	-73.87852510741564	11
freight_real_SBWARENHAUS_FRISCHE_veh_heavy26t_63891_1	org.matsim.vehicles.VehicleType@75fa1be3	-1	freight_real_SBWARENHAUS_FRISCHE_veh_heavy26t_63891_1	36522.0	14645.0	76073.96654779906	-20.790942412974584	5
freight_kaufland_SBWARENHAUS_TROCKEN_veh_heavy40t_49046_7	org.matsim.vehicles.VehicleType@12d1f1d4	-1	freight_kaufland_SBWARENHAUS_TROCKEN_veh_heavy40t_49046_7	71662.0	29875.0	353513.7318078968	76.92322494744884	5
freight_kaufland_SBWARENHAUS_TROCKEN_veh_heavy40t_49046_6	org.matsim.vehicles.VehicleType@12d1f1d4	-1	freight_kaufland_SBWARENHAUS_TROCKEN_veh_heavy40t_49046_6	67430.0	30639.0	359970.2305048692	77.10744904836005	5
freight_netto_SUPERMARKT_TROCKEN_veh_medium18t_35300_5	org.matsim.vehicles.VehicleType@7a389761	-1	freight_netto_SUPERMARKT_TROCKEN_veh_medium18t_35300_5	72840.0	33893.0	322320.6359337677	43.43271335694901	7
freight_kaiser_SUPERMARKT_TIEFKUEHL_veh_light8t_frozen_112414_1	org.matsim.vehicles.VehicleType@42714a7	-1	freight_kaiser_SUPERMARKT_TIEFKUEHL_veh_light8t_frozen_112414_1	61994.0	26737.0	132374.7240737995	-78.06141037048019	49
freight_kaufland_VERBRAUCHERMARKT_TROCKEN_veh_heavy40t_49046_7	org.matsim.vehicles.VehicleType@12d1f1d4	-1	freight_kaufland_VERBRAUCHERMARKT_TROCKEN_veh_heavy40t_49046_7	38826.0	15438.0	202917.04209671958	53.714339046736484	3
freight_kaufland_VERBRAUCHERMARKT_TROCKEN_veh_heavy40t_49046_8	org.matsim.vehicles.VehicleType@12d1f1d4	-1	freight_kaufland_VERBRAUCHERMARKT_TROCKEN_veh_heavy40t_49046_8	38010.0	15210.0	202894.89639086946	54.973578509699855	3
freight_aldi_DISCOUNTER_FRISCHE_veh_heavy26t_156329_12	org.matsim.vehicles.VehicleType@75fa1be3	-1	freight_aldi_DISCOUNTER_FRISCHE_veh_heavy26t_156329_12	62420.0	26877.0	99527.22924298164	-65.01405640720235	27
freight_kaufland_VERBRAUCHERMARKT_TROCKEN_veh_heavy40t_49046_5	org.matsim.vehicles.VehicleType@12d1f1d4	-1	freight_kaufland_VERBRAUCHERMARKT_TROCKEN_veh_heavy40t_49046_5	51698.0	20247.0	226904.772084192	43.38356273809223	5
freight_kaufland_VERBRAUCHERMARKT_TROCKEN_veh_heavy40t_49046_6	org.matsim.vehicles.VehicleType@12d1f1d4	-1	freight_kaufland_VERBRAUCHERMARKT_TROCKEN_veh_heavy40t_49046_6	39290.0	16030.0	200219.47542797634	48.54373804530355	3
freight_lidl_DISCOUNTER_FRISCHE_veh_heavy26t_electro_159381_8	org.matsim.vehicles.VehicleType@e8e0dec	-1	freight_lidl_DISCOUNTER_FRISCHE_veh_heavy26t_electro_159381_8	38646.0	14967.0	71305.8218428721	-21.99810827313209	11
freight_lidl_DISCOUNTER_FRISCHE_veh_heavy26t_electro_159381_7	org.matsim.vehicles.VehicleType@e8e0dec	-1	freight_lidl_DISCOUNTER_FRISCHE_veh_heavy26t_electro_159381_7	32120.0	12063.0	54020.56506416608	-20.213893153800434	11
freight_kaufland_VERBRAUCHERMARKT_TROCKEN_veh_heavy40t_49046_9	org.matsim.vehicles.VehicleType@12d1f1d4	-1	freight_kaufland_VERBRAUCHERMARKT_TROCKEN_veh_heavy40t_49046_9	41072.0	14754.0	173282.06271653646	37.08976327441014	5
freight_lidl_DISCOUNTER_FRISCHE_veh_heavy26t_electro_159381_5	org.matsim.vehicles.VehicleType@e8e0dec	-1	freight_lidl_DISCOUNTER_FRISCHE_veh_heavy26t_electro_159381_5	37544.0	14389.0	61353.64531007964	-26.33147537674268	13
freight_lidl_DISCOUNTER_FRISCHE_veh_heavy26t_electro_159381_4	org.matsim.vehicles.VehicleType@e8e0dec	-1	freight_lidl_DISCOUNTER_FRISCHE_veh_heavy26t_electro_159381_4	35894.0	13561.0	59055.84390325491	-23.928692389656412	13
freight_kaufland_VERBRAUCHERMARKT_TROCKEN_veh_heavy40t_49046_0	org.matsim.vehicles.VehicleType@12d1f1d4	-1	freight_kaufland_VERBRAUCHERMARKT_TROCKEN_veh_heavy40t_49046_0	52750.0	20407.0	224973.809035424	41.156798234442306	5
freight_kaufland_VERBRAUCHERMARKT_TROCKEN_veh_heavy40t_49046_3	org.matsim.vehicles.VehicleType@12d1f1d4	-1	freight_kaufland_VERBRAUCHERMARKT_TROCKEN_veh_heavy40t_49046_3	46148.0	17265.0	190722.23559201258	35.08699255848858	3
freight_lidl_DISCOUNTER_FRISCHE_veh_heavy26t_electro_159381_0	org.matsim.vehicles.VehicleType@e8e0dec	-1	freight_lidl_DISCOUNTER_FRISCHE_veh_heavy26t_electro_159381_0	41636.0	16459.0	82025.35530717943	-21.59084417883079	11
freight_kaufland_VERBRAUCHERMARKT_TROCKEN_veh_heavy40t_49046_4	org.matsim.vehicles.VehicleType@12d1f1d4	-1	freight_kaufland_VERBRAUCHERMARKT_TROCKEN_veh_heavy40t_49046_4	48164.0	18121.0	203855.38314980222	39.36382437336339	5
freight_kaufland_VERBRAUCHERMARKT_TROCKEN_veh_heavy40t_49046_1	org.matsim.vehicles.VehicleType@12d1f1d4	-1	freight_kaufland_VERBRAUCHERMARKT_TROCKEN_veh_heavy40t_49046_1	41342.0	16869.0	232358.23902593317	66.02947492789411	3
freight_kaufland_VERBRAUCHERMARKT_TROCKEN_veh_heavy40t_49046_2	org.matsim.vehicles.VehicleType@12d1f1d4	-1	freight_kaufland_VERBRAUCHERMARKT_TROCKEN_veh_heavy40t_49046_2	39166.0	15602.0	197043.49900627095	48.74483431432699	3
freight_aldi_DISCOUNTER_TROCKEN_veh_heavy26t_electro_156329_4	org.matsim.vehicles.VehicleType@e8e0dec	-1	freight_aldi_DISCOUNTER_TROCKEN_veh_heavy26t_electro_156329_4	64998.0	29252.0	75274.10109501825	-89.13744721158692	7
freight_aldi_DISCOUNTER_TROCKEN_veh_medium18t_electro_124602_19	org.matsim.vehicles.VehicleType@19650aa6	-1	freight_aldi_DISCOUNTER_TROCKEN_veh_medium18t_electro_124602_19	50922.0	22888.0	77893.91829518635	-69.30954493764756	7
freight_aldi_DISCOUNTER_TROCKEN_veh_medium18t_electro_156329_1	org.matsim.vehicles.VehicleType@19650aa6	-1	freight_aldi_DISCOUNTER_TROCKEN_veh_medium18t_electro_156329_1	38068.0	16687.0	88103.57727463086	-33.30933249895298	5
freight_lidl_DISCOUNTER_TIEFKUEHL_veh_heavy26t_frozen_159381_1	org.matsim.vehicles.VehicleType@3ce53f6a	-1	freight_lidl_DISCOUNTER_TIEFKUEHL_veh_heavy26t_frozen_159381_1	64906.0	22923.0	81071.3423409456	-58.00490063156638	45
freight_lidl_DISCOUNTER_TIEFKUEHL_veh_heavy26t_frozen_159381_0	org.matsim.vehicles.VehicleType@3ce53f6a	-1	freight_lidl_DISCOUNTER_TIEFKUEHL_veh_heavy26t_frozen_159381_0	70526.0	27212.0	125882.45566335518	-48.997554705551956	37
freight_aldi_DISCOUNTER_FRISCHE_veh_heavy26t_112787_7	org.matsim.vehicles.VehicleType@75fa1be3	-1	freight_aldi_DISCOUNTER_FRISCHE_veh_heavy26t_112787_7	71066.0	31454.0	112066.87002914588	-79.03979708047203	29
freight_kaiser_VERBRAUCHERMARKT_TROCKEN_veh_heavy40t_112414_0	org.matsim.vehicles.VehicleType@12d1f1d4	-1	freight_kaiser_VERBRAUCHERMARKT_TROCKEN_veh_heavy40t_112414_0	61016.0	25984.0	65166.74185498564	-100.28550812005977	7
freight_edeka_DISCOUNTER_FRISCHE_veh_heavy26t_19384_10	org.matsim.vehicles.VehicleType@75fa1be3	-1	freight_edeka_DISCOUNTER_FRISCHE_veh_heavy26t_19384_10	54464.0	22826.0	105869.62982778443	-40.914748015384454	31
freight_edeka_SUPERMARKT_TROCKEN_veh_heavy26t_59933_12	org.matsim.vehicles.VehicleType@75fa1be3	-1	freight_edeka_SUPERMARKT_TROCKEN_veh_heavy26t_59933_12	56092.0	24620.0	134419.37935437635	-30.57701583256789	7
freight_edeka_DISCOUNTER_FRISCHE_veh_heavy26t_19384_11	org.matsim.vehicles.VehicleType@75fa1be3	-1	freight_edeka_DISCOUNTER_FRISCHE_veh_heavy26t_19384_11	67740.0	29442.0	104095.11809757423	-74.52207087462524	43
freight_edeka_SUPERMARKT_TROCKEN_veh_heavy26t_59933_13	org.matsim.vehicles.VehicleType@75fa1be3	-1	freight_edeka_SUPERMARKT_TROCKEN_veh_heavy26t_59933_13	49894.0	21159.0	122747.77909237094	-21.438088008111396	7
freight_aldi_DISCOUNTER_TROCKEN_veh_medium18t_electro_156329_16	org.matsim.vehicles.VehicleType@19650aa6	-1	freight_aldi_DISCOUNTER_TROCKEN_veh_medium18t_electro_156329_16	47150.0	21048.0	78730.58502066853	-59.83337823863227	7
freight_edeka_SUPERMARKT_TROCKEN_veh_heavy26t_59933_10	org.matsim.vehicles.VehicleType@75fa1be3	-1	freight_edeka_SUPERMARKT_TROCKEN_veh_heavy26t_59933_10	68554.0	30662.0	200692.3638713598	-15.779916206189034	9
freight_kaiser_SUPERMARKT_TROCKEN_veh_medium18t_112414_10	org.matsim.vehicles.VehicleType@7a389761	-1	freight_kaiser_SUPERMARKT_TROCKEN_veh_medium18t_112414_10	74322.0	35518.0	79025.62663499014	-122.67154268725636	11
freight_edeka_SUPERMARKT_TROCKEN_veh_heavy26t_59933_11	org.matsim.vehicles.VehicleType@75fa1be3	-1	freight_edeka_SUPERMARKT_TROCKEN_veh_heavy26t_59933_11	73220.0	33000.0	192285.27187592117	-32.86886784313287	9
freight_edeka_SUPERMARKT_TROCKEN_veh_heavy26t_59933_16	org.matsim.vehicles.VehicleType@75fa1be3	-1	freight_edeka_SUPERMARKT_TROCKEN_veh_heavy26t_59933_16	61534.0	26616.0	169024.93449361713	-17.17169388927662	11
freight_rewe_DISCOUNTER_FRISCHE_veh_heavy26t_159381_0	org.matsim.vehicles.VehicleType@75fa1be3	-1	freight_rewe_DISCOUNTER_FRISCHE_veh_heavy26t_159381_0	39388.0	15302.0	67367.39226291612	-29.843647183846223	21
freight_rewe_DISCOUNTER_FRISCHE_veh_heavy26t_159381_1	org.matsim.vehicles.VehicleType@75fa1be3	-1	freight_rewe_DISCOUNTER_FRISCHE_veh_heavy26t_159381_1	41778.0	16696.0	105306.23580266432	-11.255222012214725	17
freight_edeka_SUPERMARKT_TROCKEN_veh_heavy26t_59933_14	org.matsim.vehicles.VehicleType@75fa1be3	-1	freight_edeka_SUPERMARKT_TROCKEN_veh_heavy26t_59933_14	60568.0	26137.0	179030.79273865602	-8.12066886510057	9
freight_rewe_DISCOUNTER_FRISCHE_veh_heavy26t_159381_2	org.matsim.vehicles.VehicleType@75fa1be3	-1	freight_rewe_DISCOUNTER_FRISCHE_veh_heavy26t_159381_2	42958.0	17277.0	83181.5078906895	-28.92568971323799	17
freight_edeka_SUPERMARKT_TROCKEN_veh_heavy26t_59933_15	org.matsim.vehicles.VehicleType@75fa1be3	-1	freight_edeka_SUPERMARKT_TROCKEN_veh_heavy26t_59933_15	58732.0	25033.0	145075.58543507732	-25.461057758498175	9
freight_rewe_DISCOUNTER_FRISCHE_veh_heavy26t_159381_3	org.matsim.vehicles.VehicleType@75fa1be3	-1	freight_rewe_DISCOUNTER_FRISCHE_veh_heavy26t_159381_3	58000.0	24620.0	117463.5622602063	-41.9374132856618	27
freight_rewe_DISCOUNTER_FRISCHE_veh_heavy26t_159381_5	org.matsim.vehicles.VehicleType@75fa1be3	-1	freight_rewe_DISCOUNTER_FRISCHE_veh_heavy26t_159381_5	33634.0	12627.0	57124.60096997744	-23.59881735011513	17
freight_rewe_DISCOUNTER_FRISCHE_veh_heavy26t_159381_6	org.matsim.vehicles.VehicleType@75fa1be3	-1	freight_rewe_DISCOUNTER_FRISCHE_veh_heavy26t_159381_6	41600.0	16613.0	86731.4380524863	-23.29363650483415	17
freight_real_SBWARENHAUS_TROCKEN_veh_heavy40t_63891_3	org.matsim.vehicles.VehicleType@12d1f1d4	-1	freight_real_SBWARENHAUS_TROCKEN_veh_heavy40t_63891_3	66766.0	29948.0	99574.9069805616	-98.70263418341246	7
freight_real_SBWARENHAUS_TROCKEN_veh_heavy40t_63891_2	org.matsim.vehicles.VehicleType@12d1f1d4	-1	freight_real_SBWARENHAUS_TROCKEN_veh_heavy40t_63891_2	64232.0	26521.0	96782.52070357025	-81.47245071453652	5
freight_aldi_DISCOUNTER_TROCKEN_veh_heavy26t_21633_2	org.matsim.vehicles.VehicleType@75fa1be3	-1	freight_aldi_DISCOUNTER_TROCKEN_veh_heavy26t_21633_2	69930.0	31704.0	148684.56393788045	-55.730942161620106	7
freight_kaufland_SBWARENHAUS_FRISCHE_veh_heavy26t_49046_1	org.matsim.vehicles.VehicleType@75fa1be3	-1	freight_kaufland_SBWARENHAUS_FRISCHE_veh_heavy26t_49046_1	73810.0	34189.0	380544.8955951772	87.43898004876891	9
freight_real_SBWARENHAUS_TROCKEN_veh_heavy40t_63891_1	org.matsim.vehicles.VehicleType@12d1f1d4	-1	freight_real_SBWARENHAUS_TROCKEN_veh_heavy40t_63891_1	73874.0	33683.0	128813.68357349127	-99.40652833429097	7
freight_kaufland_SBWARENHAUS_FRISCHE_veh_heavy26t_49046_0	org.matsim.vehicles.VehicleType@75fa1be3	-1	freight_kaufland_SBWARENHAUS_FRISCHE_veh_heavy26t_49046_0	70700.0	31542.0	377967.86004265636	98.68266622857982	9
freight_real_SBWARENHAUS_TROCKEN_veh_heavy40t_63891_0	org.matsim.vehicles.VehicleType@12d1f1d4	-1	freight_real_SBWARENHAUS_TROCKEN_veh_heavy40t_63891_0	66652.0	28991.0	127705.098622535	-73.94317195045085	5
freight_kaufland_SBWARENHAUS_FRISCHE_veh_heavy26t_49046_3	org.matsim.vehicles.VehicleType@75fa1be3	-1	freight_kaufland_SBWARENHAUS_FRISCHE_veh_heavy26t_49046_3	47050.0	19165.0	227479.64277394555	58.50286065854315	7
freight_kaufland_SBWARENHAUS_FRISCHE_veh_heavy26t_49046_2	org.matsim.vehicles.VehicleType@75fa1be3	-1	freight_kaufland_SBWARENHAUS_FRISCHE_veh_heavy26t_49046_2	72798.0	32963.0	387262.90303191677	97.9474450313842	9
freight_netto_SUPERMARKT_FRISCHE_veh_heavy26t_35300_0	org.matsim.vehicles.VehicleType@75fa1be3	-1	freight_netto_SUPERMARKT_FRISCHE_veh_heavy26t_35300_0	40262.0	15800.0	93005.58081971016	-15.106260850794225	11
freight_edeka_DISCOUNTER_TROCKEN_veh_heavy26t_19384_6	org.matsim.vehicles.VehicleType@75fa1be3	-1	freight_edeka_DISCOUNTER_TROCKEN_veh_heavy26t_19384_6	60622.0	25915.0	111489.373131788	-52.28562000170211	11
freight_netto_SUPERMARKT_FRISCHE_veh_heavy26t_35300_3	org.matsim.vehicles.VehicleType@75fa1be3	-1	freight_netto_SUPERMARKT_FRISCHE_veh_heavy26t_35300_3	51920.0	21628.0	137244.06546561682	-14.023676138036818	13
freight_edeka_DISCOUNTER_TROCKEN_veh_heavy26t_19384_5	org.matsim.vehicles.VehicleType@75fa1be3	-1	freight_edeka_DISCOUNTER_TROCKEN_veh_heavy26t_19384_5	49800.0	21951.0	78674.68945214027	-54.847858067066	9
freight_netto_SUPERMARKT_FRISCHE_veh_heavy26t_35300_4	org.matsim.vehicles.VehicleType@75fa1be3	-1	freight_netto_SUPERMARKT_FRISCHE_veh_heavy26t_35300_4	46104.0	18720.0	125072.89893077774	-7.929157716378882	13
freight_edeka_DISCOUNTER_TROCKEN_veh_heavy26t_19384_8	org.matsim.vehicles.VehicleType@75fa1be3	-1	freight_edeka_DISCOUNTER_TROCKEN_veh_heavy26t_19384_8	73518.0	32544.0	134928.78842171183	-69.06331175745305	13
freight_netto_SUPERMARKT_FRISCHE_veh_heavy26t_35300_1	org.matsim.vehicles.VehicleType@75fa1be3	-1	freight_netto_SUPERMARKT_FRISCHE_veh_heavy26t_35300_1	33416.0	12376.0	101860.1301272065	7.603887185228319	13
freight_edeka_DISCOUNTER_TROCKEN_veh_heavy26t_19384_7	org.matsim.vehicles.VehicleType@75fa1be3	-1	freight_edeka_DISCOUNTER_TROCKEN_veh_heavy26t_19384_7	22674.0	7668.0	33401.74283751251	-15.194032298866624	5
freight_netto_SUPERMARKT_FRISCHE_veh_heavy26t_35300_2	org.matsim.vehicles.VehicleType@75fa1be3	-1	freight_netto_SUPERMARKT_FRISCHE_veh_heavy26t_35300_2	51748.0	21542.0	201088.18462253577	29.17328369709908	15
freight_edeka_DISCOUNTER_TROCKEN_veh_heavy26t_19384_2	org.matsim.vehicles.VehicleType@75fa1be3	-1	freight_edeka_DISCOUNTER_TROCKEN_veh_heavy26t_19384_2	72000.0	33952.0	113881.01143092317	-90.06452234128153	13
freight_edeka_DISCOUNTER_TROCKEN_veh_heavy26t_19384_1	org.matsim.vehicles.VehicleType@75fa1be3	-1	freight_edeka_DISCOUNTER_TROCKEN_veh_heavy26t_19384_1	61570.0	26396.0	90953.2902972254	-68.40169550085895	11
freight_aldi_DISCOUNTER_FRISCHE_veh_heavy26t_112787_10	org.matsim.vehicles.VehicleType@75fa1be3	-1	freight_aldi_DISCOUNTER_FRISCHE_veh_heavy26t_112787_10	48350.0	19731.0	60997.23504110853	-55.813752522457285	21
freight_netto_SUPERMARKT_FRISCHE_veh_heavy26t_35300_5	org.matsim.vehicles.VehicleType@75fa1be3	-1	freight_netto_SUPERMARKT_FRISCHE_veh_heavy26t_35300_5	44874.0	18103.0	102420.1502146367	-20.083199356193482	17
freight_edeka_DISCOUNTER_TROCKEN_veh_heavy26t_19384_3	org.matsim.vehicles.VehicleType@75fa1be3	-1	freight_edeka_DISCOUNTER_TROCKEN_veh_heavy26t_19384_3	26342.0	8958.0	54561.81404447234	-7.337784590203528	7
freight_netto_SUPERMARKT_FRISCHE_veh_heavy26t_35300_6	org.matsim.vehicles.VehicleType@75fa1be3	-1	freight_netto_SUPERMARKT_FRISCHE_veh_heavy26t_35300_6	73310.0	32505.0	171850.92786705575	-44.13437832907249	15
freight_rewe_VERBRAUCHERMARKT_TROCKEN_veh_medium18t_160444_0	org.matsim.vehicles.VehicleType@7a389761	-1	freight_rewe_VERBRAUCHERMARKT_TROCKEN_veh_medium18t_160444_0	21942.0	8795.0	92232.01386094748	16.855309009615862	3
freight_edeka_DISCOUNTER_TROCKEN_veh_heavy26t_19384_9	org.matsim.vehicles.VehicleType@75fa1be3	-1	freight_edeka_DISCOUNTER_TROCKEN_veh_heavy26t_19384_9	30366.0	11331.0	78888.92513692786	-2.6663201582583462	7
freight_aldi_DISCOUNTER_TROCKEN_veh_heavy26t_electro_112787_11	org.matsim.vehicles.VehicleType@e8e0dec	-1	freight_aldi_DISCOUNTER_TROCKEN_veh_heavy26t_electro_112787_11	72154.0	32590.0	71585.55769401458	-108.14939846030951	9
freight_lidl_DISCOUNTER_FRISCHE_veh_heavy26t_159381_6	org.matsim.vehicles.VehicleType@75fa1be3	-1	freight_lidl_DISCOUNTER_FRISCHE_veh_heavy26t_159381_6	53428.0	22515.0	72602.0452722367	-61.680129667601314	21
freight_aldi_DISCOUNTER_TROCKEN_veh_heavy26t_electro_112787_14	org.matsim.vehicles.VehicleType@e8e0dec	-1	freight_aldi_DISCOUNTER_TROCKEN_veh_heavy26t_electro_112787_14	55340.0	19154.0	76899.14922936974	-38.48721255485374	9
freight_lidl_DISCOUNTER_FRISCHE_veh_heavy26t_159381_3	org.matsim.vehicles.VehicleType@75fa1be3	-1	freight_lidl_DISCOUNTER_FRISCHE_veh_heavy26t_159381_3	32512.0	12449.0	55347.54124190419	-23.917247367924173	11
freight_lidl_DISCOUNTER_FRISCHE_veh_heavy26t_159381_2	org.matsim.vehicles.VehicleType@75fa1be3	-1	freight_lidl_DISCOUNTER_FRISCHE_veh_heavy26t_159381_2	68502.0	29886.0	111047.38385802855	-72.03965281512087	21
freight_lidl_DISCOUNTER_FRISCHE_veh_heavy26t_159381_1	org.matsim.vehicles.VehicleType@75fa1be3	-1	freight_lidl_DISCOUNTER_FRISCHE_veh_heavy26t_159381_1	33276.0	12261.0	50148.906120564585	-26.47913289922171	11
freight_aldi_DISCOUNTER_TROCKEN_veh_heavy26t_electro_112787_13	org.matsim.vehicles.VehicleType@e8e0dec	-1	freight_aldi_DISCOUNTER_TROCKEN_veh_heavy26t_electro_112787_13	76350.0	34348.0	84148.61585255527	-107.7181965861602	9
freight_edeka_DISCOUNTER_TIEFKUEHL_veh_light8t_frozen_19384_1	org.matsim.vehicles.VehicleType@42714a7	-1	freight_edeka_DISCOUNTER_TIEFKUEHL_veh_light8t_frozen_19384_1	43660.0	17603.0	91021.21888326887	-49.846212446692384	39
freight_edeka_DISCOUNTER_TIEFKUEHL_veh_light8t_frozen_19384_0	org.matsim.vehicles.VehicleType@42714a7	-1	freight_edeka_DISCOUNTER_TIEFKUEHL_veh_light8t_frozen_19384_0	55924.0	23674.0	148246.70676569286	-56.703917293722846	43
freight_lidl_DISCOUNTER_FRISCHE_veh_heavy26t_159381_9	org.matsim.vehicles.VehicleType@75fa1be3	-1	freight_lidl_DISCOUNTER_FRISCHE_veh_heavy26t_159381_9	36298.0	13953.0	67681.54078342833	-23.023067675103064	11
freight_aldi_DISCOUNTER_TROCKEN_veh_heavy26t_112787_8	org.matsim.vehicles.VehicleType@75fa1be3	-1	freight_aldi_DISCOUNTER_TROCKEN_veh_heavy26t_112787_8	68338.0	29768.0	85594.86981805845	-88.51463722190078	11
freight_netto_SUPERMARKT_TIEFKUEHL_veh_heavy26t_frozen_35300_0	org.matsim.vehicles.VehicleType@3ce53f6a	-1	freight_netto_SUPERMARKT_TIEFKUEHL_veh_heavy26t_frozen_35300_0	70396.0	29115.0	184056.9305679461	-19.34535651947625	35
freight_aldi_DISCOUNTER_FRISCHE_veh_heavy26t_electro_112787_0	org.matsim.vehicles.VehicleType@e8e0dec	-1	freight_aldi_DISCOUNTER_FRISCHE_veh_heavy26t_electro_112787_0	29228.0	9497.0	30087.86371986824	-24.87203812169487	13
freight_lidl_DISCOUNTER_FRISCHE_veh_heavy26t_159381_14	org.matsim.vehicles.VehicleType@75fa1be3	-1	freight_lidl_DISCOUNTER_FRISCHE_veh_heavy26t_159381_14	59778.0	25518.0	121556.73301846877	-43.595188877625915	19
freight_lidl_DISCOUNTER_FRISCHE_veh_heavy26t_159381_12	org.matsim.vehicles.VehicleType@75fa1be3	-1	freight_lidl_DISCOUNTER_FRISCHE_veh_heavy26t_159381_12	39596.0	15795.0	77967.06548350342	-25.15756612605266	11
freight_lidl_DISCOUNTER_FRISCHE_veh_heavy26t_159381_18	org.matsim.vehicles.VehicleType@75fa1be3	-1	freight_lidl_DISCOUNTER_FRISCHE_veh_heavy26t_159381_18	58680.0	25346.0	107207.3316989992	-52.36648776167057	21
freight_lidl_DISCOUNTER_FRISCHE_veh_heavy26t_159381_16	org.matsim.vehicles.VehicleType@75fa1be3	-1	freight_lidl_DISCOUNTER_FRISCHE_veh_heavy26t_159381_16	34808.0	13036.0	70171.11845096122	-16.861750637856023	11
freight_aldi_DISCOUNTER_FRISCHE_veh_heavy26t_electro_112787_9	org.matsim.vehicles.VehicleType@e8e0dec	-1	freight_aldi_DISCOUNTER_FRISCHE_veh_heavy26t_electro_112787_9	54174.0	22704.0	66734.20748425045	-63.20097061133979	23
freight_aldi_DISCOUNTER_FRISCHE_veh_heavy26t_electro_112787_3	org.matsim.vehicles.VehicleType@e8e0dec	-1	freight_aldi_DISCOUNTER_FRISCHE_veh_heavy26t_electro_112787_3	53720.0	22638.0	68998.48176722674	-61.24729312759671	23
freight_kaiser_SUPERMARKT_TROCKEN_veh_heavy26t_112414_13	org.matsim.vehicles.VehicleType@75fa1be3	-1	freight_kaiser_SUPERMARKT_TROCKEN_veh_heavy26t_112414_13	58052.0	25217.0	74425.47412859024	-73.69823233384454	7
freight_kaiser_SUPERMARKT_TROCKEN_veh_heavy26t_112414_14	org.matsim.vehicles.VehicleType@75fa1be3	-1	freight_kaiser_SUPERMARKT_TROCKEN_veh_heavy26t_112414_14	67748.0	29704.0	75393.07357809907	-95.03624070267342	9
freight_aldi_DISCOUNTER_FRISCHE_veh_heavy26t_electro_112787_5	org.matsim.vehicles.VehicleType@e8e0dec	-1	freight_aldi_DISCOUNTER_FRISCHE_veh_heavy26t_electro_112787_5	33100.0	12167.0	44961.44859733698	-27.24605700991739	15
freight_aldi_DISCOUNTER_FRISCHE_veh_heavy26t_electro_124602_6	org.matsim.vehicles.VehicleType@e8e0dec	-1	freight_aldi_DISCOUNTER_FRISCHE_veh_heavy26t_electro_124602_6	29760.0	10866.0	46233.119200113826	-19.955554175918056	11
freight_lidl_DISCOUNTER_TROCKEN_veh_heavy26t_electro_159381_4	org.matsim.vehicles.VehicleType@e8e0dec	-1	freight_lidl_DISCOUNTER_TROCKEN_veh_heavy26t_electro_159381_4	60942.0	26308.0	115851.45917922695	-45.49614939095648	5
freight_rewe_SUPERMARKT_TIEFKUEHL_veh_heavy26t_frozen_160444_1	org.matsim.vehicles.VehicleType@3ce53f6a	-1	freight_rewe_SUPERMARKT_TIEFKUEHL_veh_heavy26t_frozen_160444_1	71476.0	28135.0	145755.447283097	-40.20535032032496	57
freight_kaiser_SUPERMARKT_TROCKEN_veh_heavy26t_112414_12	org.matsim.vehicles.VehicleType@75fa1be3	-1	freight_kaiser_SUPERMARKT_TROCKEN_veh_heavy26t_112414_12	72800.0	32585.0	71169.6946770392	-111.98280456638376	11
freight_lidl_DISCOUNTER_TROCKEN_veh_heavy26t_electro_159381_3	org.matsim.vehicles.VehicleType@e8e0dec	-1	freight_lidl_DISCOUNTER_TROCKEN_veh_heavy26t_electro_159381_3	68848.0	30258.0	133518.2761119296	-52.13104119941069	5
freight_kaufland_VERBRAUCHERMARKT_FRISCHE_veh_heavy26t_49046_5	org.matsim.vehicles.VehicleType@75fa1be3	-1	freight_kaufland_VERBRAUCHERMARKT_FRISCHE_veh_heavy26t_49046_5	63048.0	27363.0	389214.46840099414	126.69499382866617	9
freight_kaufland_VERBRAUCHERMARKT_FRISCHE_veh_heavy26t_49046_2	org.matsim.vehicles.VehicleType@75fa1be3	-1	freight_kaufland_VERBRAUCHERMARKT_FRISCHE_veh_heavy26t_49046_2	40666.0	15984.0	202194.7619160458	57.14889048375057	7
freight_kaufland_VERBRAUCHERMARKT_FRISCHE_veh_heavy26t_49046_1	org.matsim.vehicles.VehicleType@75fa1be3	-1	freight_kaufland_VERBRAUCHERMARKT_FRISCHE_veh_heavy26t_49046_1	43178.0	17247.0	199668.70959208536	49.26773542669709	5
freight_kaufland_VERBRAUCHERMARKT_FRISCHE_veh_heavy26t_49046_4	org.matsim.vehicles.VehicleType@75fa1be3	-1	freight_kaufland_VERBRAUCHERMARKT_FRISCHE_veh_heavy26t_49046_4	43614.0	17470.0	220792.3313704382	62.32786201819327	5
freight_kaufland_VERBRAUCHERMARKT_FRISCHE_veh_heavy26t_49046_3	org.matsim.vehicles.VehicleType@75fa1be3	-1	freight_kaufland_VERBRAUCHERMARKT_FRISCHE_veh_heavy26t_49046_3	44258.0	17774.0	241489.52009351068	74.70537846265223	7
freight_lidl_DISCOUNTER_FRISCHE_veh_heavy26t_159381_20	org.matsim.vehicles.VehicleType@75fa1be3	-1	freight_lidl_DISCOUNTER_FRISCHE_veh_heavy26t_159381_20	28174.0	9903.0	35784.36501639203	-24.549175439017354	11
freight_lidl_DISCOUNTER_FRISCHE_veh_heavy26t_159381_21	org.matsim.vehicles.VehicleType@75fa1be3	-1	freight_lidl_DISCOUNTER_FRISCHE_veh_heavy26t_159381_21	68426.0	30393.0	123392.96625395564	-66.25241260984977	21
freight_kaufland_VERBRAUCHERMARKT_FRISCHE_veh_heavy26t_49046_0	org.matsim.vehicles.VehicleType@75fa1be3	-1	freight_kaufland_VERBRAUCHERMARKT_FRISCHE_veh_heavy26t_49046_0	73474.0	33110.0	365057.92229927424	82.34980794051414	9
freight_kaufland_VERBRAUCHERMARKT_TIEFKUEHL_veh_heavy26t_frozen_49046_0	org.matsim.vehicles.VehicleType@3ce53f6a	-1	freight_kaufland_VERBRAUCHERMARKT_TIEFKUEHL_veh_heavy26t_frozen_49046_0	58698.0	24514.0	243658.15377139434	43.13236302683394	13
freight_aldi_DISCOUNTER_TROCKEN_veh_medium18t_electro_112787_0	org.matsim.vehicles.VehicleType@19650aa6	-1	freight_aldi_DISCOUNTER_TROCKEN_veh_medium18t_electro_112787_0	67824.0	31672.0	66906.91220523659	-118.39399828711991	11
freight_lidl_DISCOUNTER_TROCKEN_veh_heavy26t_159381_8	org.matsim.vehicles.VehicleType@75fa1be3	-1	freight_lidl_DISCOUNTER_TROCKEN_veh_heavy26t_159381_8	71490.0	33199.0	175368.0145731962	-45.178530235958334	7
freight_edeka_DISCOUNTER_TIEFKUEHL_veh_heavy26t_frozen_19384_2	org.matsim.vehicles.VehicleType@3ce53f6a	-1	freight_edeka_DISCOUNTER_TIEFKUEHL_veh_heavy26t_frozen_19384_2	58890.0	23319.0	113225.51125929055	-38.40200745627538	55
freight_kaiser_SUPERMARKT_TIEFKUEHL_veh_heavy26t_frozen_112414_0	org.matsim.vehicles.VehicleType@3ce53f6a	-1	freight_kaiser_SUPERMARKT_TIEFKUEHL_veh_heavy26t_frozen_112414_0	73696.0	27416.0	106245.28751756049	-63.154057363234465	59
freight_lidl_DISCOUNTER_TROCKEN_veh_heavy26t_electro_159381_6	org.matsim.vehicles.VehicleType@e8e0dec	-1	freight_lidl_DISCOUNTER_TROCKEN_veh_heavy26t_electro_159381_6	53292.0	22843.0	83125.65751840449	-52.08022658674874	5
freight_rewe_SUPERMARKT_TROCKEN_veh_heavy26t_160444_8	org.matsim.vehicles.VehicleType@75fa1be3	-1	freight_rewe_SUPERMARKT_TROCKEN_veh_heavy26t_160444_8	63904.0	28155.0	158603.61006339436	-31.695081257525807	9
freight_rewe_SUPERMARKT_TROCKEN_veh_heavy26t_160444_9	org.matsim.vehicles.VehicleType@75fa1be3	-1	freight_rewe_SUPERMARKT_TROCKEN_veh_heavy26t_160444_9	70244.0	30962.0	212673.66368949262	-9.22244532803981	11
freight_rewe_SUPERMARKT_TROCKEN_veh_heavy26t_160444_6	org.matsim.vehicles.VehicleType@75fa1be3	-1	freight_rewe_SUPERMARKT_TROCKEN_veh_heavy26t_160444_6	66936.0	30032.0	203814.46272309948	-10.601109975523205	9
freight_lidl_DISCOUNTER_TROCKEN_veh_heavy26t_electro_159381_9	org.matsim.vehicles.VehicleType@e8e0dec	-1	freight_lidl_DISCOUNTER_TROCKEN_veh_heavy26t_electro_159381_9	69574.0	31884.0	96304.09485008816	-86.89265170793642	9
freight_norma_DISCOUNTER_FRISCHE_veh_heavy26t_132345_0	org.matsim.vehicles.VehicleType@75fa1be3	-1	freight_norma_DISCOUNTER_FRISCHE_veh_heavy26t_132345_0	55794.0	23559.0	118953.52962321645	-35.74023515244489	23
freight_rewe_SUPERMARKT_TROCKEN_veh_heavy26t_160444_7	org.matsim.vehicles.VehicleType@75fa1be3	-1	freight_rewe_SUPERMARKT_TROCKEN_veh_heavy26t_160444_7	57764.0	24717.0	157575.70240265413	-15.53757939022164	11
freight_norma_DISCOUNTER_FRISCHE_veh_heavy26t_132345_1	org.matsim.vehicles.VehicleType@75fa1be3	-1	freight_norma_DISCOUNTER_FRISCHE_veh_heavy26t_132345_1	56182.0	23752.0	103437.1496603559	-47.08190972756159	33
freight_rewe_SUPERMARKT_TROCKEN_veh_heavy26t_160444_4	org.matsim.vehicles.VehicleType@75fa1be3	-1	freight_rewe_SUPERMARKT_TROCKEN_veh_heavy26t_160444_4	70808.0	32148.0	180052.60758817097	-36.88995291592528	7
freight_rewe_SUPERMARKT_TROCKEN_veh_heavy26t_160444_5	org.matsim.vehicles.VehicleType@75fa1be3	-1	freight_rewe_SUPERMARKT_TROCKEN_veh_heavy26t_160444_5	54982.0	23140.0	152648.95766215984	-11.111198366352838	9
freight_lidl_DISCOUNTER_TROCKEN_veh_heavy26t_159381_2	org.matsim.vehicles.VehicleType@75fa1be3	-1	freight_lidl_DISCOUNTER_TROCKEN_veh_heavy26t_159381_2	57230.0	25532.0	96865.42988981685	-60.206961973822665	5
freight_lidl_DISCOUNTER_TROCKEN_veh_heavy26t_159381_1	org.matsim.vehicles.VehicleType@75fa1be3	-1	freight_lidl_DISCOUNTER_TROCKEN_veh_heavy26t_159381_1	72234.0	33208.0	122436.58669723352	-80.68668691285328	7
freight_lidl_DISCOUNTER_TROCKEN_veh_heavy26t_159381_0	org.matsim.vehicles.VehicleType@75fa1be3	-1	freight_lidl_DISCOUNTER_TROCKEN_veh_heavy26t_159381_0	72222.0	33739.0	147129.2465284803	-66.74450482591823	7
freight_lidl_DISCOUNTER_TROCKEN_veh_heavy26t_159381_7	org.matsim.vehicles.VehicleType@75fa1be3	-1	freight_lidl_DISCOUNTER_TROCKEN_veh_heavy26t_159381_7	70762.0	33015.0	129355.20920365812	-75.10550983354915	7
freight_lidl_DISCOUNTER_FRISCHE_veh_heavy26t_159381_10	org.matsim.vehicles.VehicleType@75fa1be3	-1	freight_lidl_DISCOUNTER_FRISCHE_veh_heavy26t_159381_10	38386.0	14819.0	116078.66232926365	5.159603760606647	11
freight_lidl_DISCOUNTER_TROCKEN_veh_heavy26t_159381_5	org.matsim.vehicles.VehicleType@75fa1be3	-1	freight_lidl_DISCOUNTER_TROCKEN_veh_heavy26t_159381_5	60402.0	25854.0	123175.9112256756	-44.15673947879727	7
freight_lidl_DISCOUNTER_FRISCHE_veh_heavy26t_35493_15	org.matsim.vehicles.VehicleType@75fa1be3	-1	freight_lidl_DISCOUNTER_FRISCHE_veh_heavy26t_35493_15	71434.0	31263.0	169399.12157878152	-39.6912885422164	21
freight_rewe_DISCOUNTER_TROCKEN_veh_heavy26t_159381_4	org.matsim.vehicles.VehicleType@75fa1be3	-1	freight_rewe_DISCOUNTER_TROCKEN_veh_heavy26t_159381_4	63724.0	28598.0	126109.87161628522	-55.63658601708894	9
freight_rewe_DISCOUNTER_TROCKEN_veh_heavy26t_159381_5	org.matsim.vehicles.VehicleType@75fa1be3	-1	freight_rewe_DISCOUNTER_TROCKEN_veh_heavy26t_159381_5	64772.0	28217.0	124632.39366737126	-54.75959624286128	9
freight_kaiser_VERBRAUCHERMARKT_TROCKEN_veh_medium18t_112414_1	org.matsim.vehicles.VehicleType@7a389761	-1	freight_kaiser_VERBRAUCHERMARKT_TROCKEN_veh_medium18t_112414_1	36640.0	15777.0	64935.61523467617	-35.0991500974605	5
freight_rewe_DISCOUNTER_TROCKEN_veh_heavy26t_159381_0	org.matsim.vehicles.VehicleType@75fa1be3	-1	freight_rewe_DISCOUNTER_TROCKEN_veh_heavy26t_159381_0	73332.0	32488.0	134138.55128975504	-69.31837063586427	9
freight_rewe_DISCOUNTER_TROCKEN_veh_heavy26t_159381_1	org.matsim.vehicles.VehicleType@75fa1be3	-1	freight_rewe_DISCOUNTER_TROCKEN_veh_heavy26t_159381_1	61952.0	26632.0	104867.35942504271	-60.23566918522132	9
freight_rewe_DISCOUNTER_TROCKEN_veh_heavy26t_159381_2	org.matsim.vehicles.VehicleType@75fa1be3	-1	freight_rewe_DISCOUNTER_TROCKEN_veh_heavy26t_159381_2	62220.0	26935.0	99822.43876506794	-65.10046602740448	9
freight_rewe_DISCOUNTER_TROCKEN_veh_heavy26t_159381_3	org.matsim.vehicles.VehicleType@75fa1be3	-1	freight_rewe_DISCOUNTER_TROCKEN_veh_heavy26t_159381_3	68254.0	29955.0	155567.9506796656	-42.54897304462403	9
freight_rewe_SUPERMARKT_TIEFKUEHL_veh_light8t_frozen_160444_0	org.matsim.vehicles.VehicleType@42714a7	-1	freight_rewe_SUPERMARKT_TIEFKUEHL_veh_light8t_frozen_160444_0	53848.0	23109.0	162854.56767838355	-48.09227292864649	39
freight_edeka_DISCOUNTER_FRISCHE_veh_heavy26t_19384_9	org.matsim.vehicles.VehicleType@75fa1be3	-1	freight_edeka_DISCOUNTER_FRISCHE_veh_heavy26t_19384_9	42714.0	16954.0	84721.65820441068	-26.3110890030449	21
freight_kaiser_SUPERMARKT_FRISCHE_veh_heavy26t_112414_11	org.matsim.vehicles.VehicleType@75fa1be3	-1	freight_kaiser_SUPERMARKT_FRISCHE_veh_heavy26t_112414_11	61960.0	26593.0	73512.24350309995	-81.052496852923	23
freight_lidl_DISCOUNTER_FRISCHE_veh_heavy26t_159381_22	org.matsim.vehicles.VehicleType@75fa1be3	-1	freight_lidl_DISCOUNTER_FRISCHE_veh_heavy26t_159381_22	48250.0	19763.0	69480.68119620756	-50.286643598540905	17
freight_lidl_DISCOUNTER_FRISCHE_veh_heavy26t_159381_23	org.matsim.vehicles.VehicleType@75fa1be3	-1	freight_lidl_DISCOUNTER_FRISCHE_veh_heavy26t_159381_23	31004.0	11511.0	51831.77378668099	-21.6766115629237	11
freight_kaufland_SBWARENHAUS_TIEFKUEHL_veh_heavy26t_frozen_49046_0	org.matsim.vehicles.VehicleType@3ce53f6a	-1	freight_kaufland_SBWARENHAUS_TIEFKUEHL_veh_heavy26t_frozen_49046_0	52582.0	21516.0	223436.83055986257	44.27427647510775	13
freight_edeka_VERBRAUCHERMARKT_FRISCHE_veh_heavy26t_95392_0	org.matsim.vehicles.VehicleType@75fa1be3	-1	freight_edeka_VERBRAUCHERMARKT_FRISCHE_veh_heavy26t_95392_0	26650.0	11134.0	102340.48434745314	14.011524512793667	5
freight_edeka_DISCOUNTER_FRISCHE_veh_heavy26t_19384_1	org.matsim.vehicles.VehicleType@75fa1be3	-1	freight_edeka_DISCOUNTER_FRISCHE_veh_heavy26t_19384_1	30854.0	10992.0	43161.11764980794	-24.94285117462868	25
freight_edeka_DISCOUNTER_FRISCHE_veh_heavy26t_19384_2	org.matsim.vehicles.VehicleType@75fa1be3	-1	freight_edeka_DISCOUNTER_FRISCHE_veh_heavy26t_19384_2	34654.0	12903.0	54647.118048705765	-26.611130907367126	23
freight_edeka_DISCOUNTER_FRISCHE_veh_heavy26t_19384_3	org.matsim.vehicles.VehicleType@75fa1be3	-1	freight_edeka_DISCOUNTER_FRISCHE_veh_heavy26t_19384_3	59810.0	25685.0	120921.12055664328	-44.839349227049034	35
freight_edeka_DISCOUNTER_FRISCHE_veh_heavy26t_19384_4	org.matsim.vehicles.VehicleType@75fa1be3	-1	freight_edeka_DISCOUNTER_FRISCHE_veh_heavy26t_19384_4	37952.0	14540.0	69468.88849948026	-24.70184470534824	23
freight_edeka_DISCOUNTER_FRISCHE_veh_heavy26t_19384_5	org.matsim.vehicles.VehicleType@75fa1be3	-1	freight_edeka_DISCOUNTER_FRISCHE_veh_heavy26t_19384_5	68744.0	29941.0	115902.9462894635	-69.05592598605953	43
freight_edeka_DISCOUNTER_FRISCHE_veh_heavy26t_19384_6	org.matsim.vehicles.VehicleType@75fa1be3	-1	freight_edeka_DISCOUNTER_FRISCHE_veh_heavy26t_19384_6	46412.0	18792.0	125372.78235667443	-8.081035821028081	23
freight_edeka_DISCOUNTER_FRISCHE_veh_heavy26t_19384_7	org.matsim.vehicles.VehicleType@75fa1be3	-1	freight_edeka_DISCOUNTER_FRISCHE_veh_heavy26t_19384_7	29560.0	10556.0	42904.87919485863	-22.978130939444696	23
freight_lidl_DISCOUNTER_TIEFKUEHL_veh_light8t_frozen_159381_2	org.matsim.vehicles.VehicleType@42714a7	-1	freight_lidl_DISCOUNTER_TIEFKUEHL_veh_light8t_frozen_159381_2	38420.0	15156.0	94108.22330345499	-36.621110678617946	19
freight_edeka_DISCOUNTER_FRISCHE_veh_heavy26t_19384_8	org.matsim.vehicles.VehicleType@75fa1be3	-1	freight_edeka_DISCOUNTER_FRISCHE_veh_heavy26t_19384_8	54520.0	22850.0	93871.76150898168	-49.070919788982316	37
freight_edeka_DISCOUNTER_FRISCHE_veh_heavy26t_19384_0	org.matsim.vehicles.VehicleType@75fa1be3	-1	freight_edeka_DISCOUNTER_FRISCHE_veh_heavy26t_19384_0	39484.0	15310.0	72655.25935966699	-26.33997622902312	23
freight_lidl_DISCOUNTER_TROCKEN_veh_heavy26t_159381_10	org.matsim.vehicles.VehicleType@75fa1be3	-1	freight_lidl_DISCOUNTER_TROCKEN_veh_heavy26t_159381_10	68218.0	31383.0	120101.51992517526	-73.30868165013266	7
freight_lidl_DISCOUNTER_TROCKEN_veh_heavy26t_159381_11	org.matsim.vehicles.VehicleType@75fa1be3	-1	freight_lidl_DISCOUNTER_TROCKEN_veh_heavy26t_159381_11	72348.0	33805.0	193160.3967199884	-36.22703419760765	7
freight_lidl_DISCOUNTER_TROCKEN_veh_heavy26t_159381_13	org.matsim.vehicles.VehicleType@75fa1be3	-1	freight_lidl_DISCOUNTER_TROCKEN_veh_heavy26t_159381_13	51472.0	22830.0	95683.97718397183	-47.75873528673878	5
freight_lidl_DISCOUNTER_TROCKEN_veh_heavy26t_159381_14	org.matsim.vehicles.VehicleType@75fa1be3	-1	freight_lidl_DISCOUNTER_TROCKEN_veh_heavy26t_159381_14	57120.0	24207.0	87894.21996037164	-59.725172626551064	7
freight_lidl_DISCOUNTER_TROCKEN_veh_heavy26t_159381_15	org.matsim.vehicles.VehicleType@75fa1be3	-1	freight_lidl_DISCOUNTER_TROCKEN_veh_heavy26t_159381_15	72726.0	33640.0	141386.61901215676	-70.10696526185488	7
freight_aldi_DISCOUNTER_TIEFKUEHL_veh_light8t_frozen_156329_3	org.matsim.vehicles.VehicleType@42714a7	-1	freight_aldi_DISCOUNTER_TIEFKUEHL_veh_light8t_frozen_156329_3	22532.0	8553.0	44012.81951864989	-24.30457219254002	15
freight_aldi_DISCOUNTER_TROCKEN_veh_heavy26t_124602_6	org.matsim.vehicles.VehicleType@75fa1be3	-1	freight_aldi_DISCOUNTER_TROCKEN_veh_heavy26t_124602_6	16702.0	5241.0	30927.35137429938	-4.959574579219414	3
freight_lidl_DISCOUNTER_TROCKEN_veh_heavy26t_159381_16	org.matsim.vehicles.VehicleType@75fa1be3	-1	freight_lidl_DISCOUNTER_TROCKEN_veh_heavy26t_159381_16	56386.0	23843.0	138221.84532149887	-24.22206363459578	7
freight_rewe_DISCOUNTER_TIEFKUEHL_veh_light8t_frozen_159381_1	org.matsim.vehicles.VehicleType@42714a7	-1	freight_rewe_DISCOUNTER_TIEFKUEHL_veh_light8t_frozen_159381_1	53102.0	22304.0	123328.89712744264	-59.95804114902281	35
freight_aldi_DISCOUNTER_TROCKEN_veh_heavy26t_156329_7	org.matsim.vehicles.VehicleType@75fa1be3	-1	freight_aldi_DISCOUNTER_TROCKEN_veh_heavy26t_156329_7	38504.0	15105.0	69083.29799123673	-27.72869034587138	5
freight_lidl_DISCOUNTER_FRISCHE_veh_heavy26t_electro_159381_19	org.matsim.vehicles.VehicleType@e8e0dec	-1	freight_lidl_DISCOUNTER_FRISCHE_veh_heavy26t_electro_159381_19	31712.0	12039.0	62796.98661794661	-13.777269635078433	11
freight_lidl_DISCOUNTER_FRISCHE_veh_heavy26t_electro_159381_17	org.matsim.vehicles.VehicleType@e8e0dec	-1	freight_lidl_DISCOUNTER_FRISCHE_veh_heavy26t_electro_159381_17	36326.0	14163.0	65833.16552078053	-21.998820825038074	11
freight_lidl_DISCOUNTER_FRISCHE_veh_heavy26t_electro_159381_13	org.matsim.vehicles.VehicleType@e8e0dec	-1	freight_lidl_DISCOUNTER_FRISCHE_veh_heavy26t_electro_159381_13	36770.0	14204.0	65075.69243137807	-22.745101449407798	11
freight_lidl_DISCOUNTER_FRISCHE_veh_heavy26t_electro_159381_11	org.matsim.vehicles.VehicleType@e8e0dec	-1	freight_lidl_DISCOUNTER_FRISCHE_veh_heavy26t_electro_159381_11	40460.0	15841.0	74513.61573313289	-23.97109667214432	11
freight_kaiser_SUPERMARKT_FRISCHE_veh_heavy26t_electro_112414_10	org.matsim.vehicles.VehicleType@e8e0dec	-1	freight_kaiser_SUPERMARKT_FRISCHE_veh_heavy26t_electro_112414_10	32618.0	11952.0	50364.420801543325	-22.302417022888772	15
freight_kaiser_SUPERMARKT_TROCKEN_veh_heavy26t_electro_112414_5	org.matsim.vehicles.VehicleType@e8e0dec	-1	freight_kaiser_SUPERMARKT_TROCKEN_veh_heavy26t_electro_112414_5	70272.0	30972.0	113010.08381902183	-70.39553965030414	9
freight_rewe_DISCOUNTER_TIEFKUEHL_veh_light8t_frozen_159381_0	org.matsim.vehicles.VehicleType@42714a7	-1	freight_rewe_DISCOUNTER_TIEFKUEHL_veh_light8t_frozen_159381_0	51010.0	21267.0	114731.18604123067	-58.31582558350769	33
freight_kaiser_SUPERMARKT_TROCKEN_veh_heavy26t_electro_112414_6	org.matsim.vehicles.VehicleType@e8e0dec	-1	freight_kaiser_SUPERMARKT_TROCKEN_veh_heavy26t_electro_112414_6	72788.0	32410.0	93813.37533397276	-91.2633697595396	11
freight_netto_SUPERMARKT_TROCKEN_veh_heavy26t_35300_7	org.matsim.vehicles.VehicleType@75fa1be3	-1	freight_netto_SUPERMARKT_TROCKEN_veh_heavy26t_35300_7	64072.0	27708.0	216104.65254076465	9.020917202312456	9
freight_kaiser_VERBRAUCHERMARKT_TIEFKUEHL_veh_light8t_frozen_112414_0	org.matsim.vehicles.VehicleType@42714a7	-1	freight_kaiser_VERBRAUCHERMARKT_TIEFKUEHL_veh_light8t_frozen_112414_0	21330.0	9440.0	54014.29568597968	-24.65028172560814	7
freight_netto_SUPERMARKT_TROCKEN_veh_heavy26t_35300_8	org.matsim.vehicles.VehicleType@75fa1be3	-1	freight_netto_SUPERMARKT_TROCKEN_veh_heavy26t_35300_8	47440.0	19571.0	127525.36810427457	-10.455903370136014	7
freight_netto_SUPERMARKT_TROCKEN_veh_heavy26t_35300_6	org.matsim.vehicles.VehicleType@75fa1be3	-1	freight_netto_SUPERMARKT_TROCKEN_veh_heavy26t_35300_6	64234.0	28328.0	177363.33124763117	-19.973768064087043	9
freight_netto_SUPERMARKT_TROCKEN_veh_heavy26t_35300_3	org.matsim.vehicles.VehicleType@75fa1be3	-1	freight_netto_SUPERMARKT_TROCKEN_veh_heavy26t_35300_3	71956.0	32010.0	185251.8188387159	-32.73028137806037	9
freight_netto_SUPERMARKT_TROCKEN_veh_heavy26t_35300_4	org.matsim.vehicles.VehicleType@75fa1be3	-1	freight_netto_SUPERMARKT_TROCKEN_veh_heavy26t_35300_4	66158.0	28751.0	162990.73670178824	-31.676106409801744	7
freight_netto_SUPERMARKT_TROCKEN_veh_heavy26t_35300_1	org.matsim.vehicles.VehicleType@75fa1be3	-1	freight_netto_SUPERMARKT_TROCKEN_veh_heavy26t_35300_1	65944.0	29185.0	137836.73276903867	-50.65588904474412	7
freight_netto_SUPERMARKT_TROCKEN_veh_heavy26t_35300_2	org.matsim.vehicles.VehicleType@75fa1be3	-1	freight_netto_SUPERMARKT_TROCKEN_veh_heavy26t_35300_2	65820.0	29302.0	166327.3669281513	-32.14046415813851	7
freight_edeka_SUPERMARKT_FRISCHE_veh_heavy26t_95392_10	org.matsim.vehicles.VehicleType@75fa1be3	-1	freight_edeka_SUPERMARKT_FRISCHE_veh_heavy26t_95392_10	47502.0	19359.0	170751.69784413176	19.544537555568223	17
freight_edeka_SUPERMARKT_FRISCHE_veh_heavy26t_95392_12	org.matsim.vehicles.VehicleType@75fa1be3	-1	freight_edeka_SUPERMARKT_FRISCHE_veh_heavy26t_95392_12	64842.0	28052.0	208007.32581563373	1.9101082964746632	21
freight_edeka_SUPERMARKT_FRISCHE_veh_heavy26t_95392_11	org.matsim.vehicles.VehicleType@75fa1be3	-1	freight_edeka_SUPERMARKT_FRISCHE_veh_heavy26t_95392_11	32144.0	11716.0	103561.29431337037	11.977667189958224	11
freight_edeka_SUPERMARKT_FRISCHE_veh_heavy26t_95392_13	org.matsim.vehicles.VehicleType@75fa1be3	-1	freight_edeka_SUPERMARKT_FRISCHE_veh_heavy26t_95392_13	37276.0	14260.0	134562.38697394473	20.28279927254299	15
freight_aldi_DISCOUNTER_FRISCHE_veh_heavy26t_124602_8	org.matsim.vehicles.VehicleType@75fa1be3	-1	freight_aldi_DISCOUNTER_FRISCHE_veh_heavy26t_124602_8	60228.0	25739.0	118913.29539450521	-46.44919208568155	23
freight_kaufland_VERBRAUCHERMARKT_TROCKEN_veh_heavy40t_49046_12	org.matsim.vehicles.VehicleType@12d1f1d4	-1	freight_kaufland_VERBRAUCHERMARKT_TROCKEN_veh_heavy40t_49046_12	38032.0	14861.0	188849.7400580451	47.23333064005107	3
freight_kaufland_VERBRAUCHERMARKT_TROCKEN_veh_heavy40t_49046_11	org.matsim.vehicles.VehicleType@12d1f1d4	-1	freight_kaufland_VERBRAUCHERMARKT_TROCKEN_veh_heavy40t_49046_11	38418.0	13974.0	168971.23758265688	38.47549393203329	3
freight_kaufland_VERBRAUCHERMARKT_TROCKEN_veh_heavy40t_49046_10	org.matsim.vehicles.VehicleType@12d1f1d4	-1	freight_kaufland_VERBRAUCHERMARKT_TROCKEN_veh_heavy40t_49046_10	41378.0	15633.0	185193.25475382505	40.394875780139294	3
freight_aldi_DISCOUNTER_TROCKEN_veh_heavy26t_electro_112787_9	org.matsim.vehicles.VehicleType@e8e0dec	-1	freight_aldi_DISCOUNTER_TROCKEN_veh_heavy26t_electro_112787_9	76136.0	34601.0	80939.00700535445	-111.26881495614477	9
freight_aldi_DISCOUNTER_TROCKEN_veh_heavy26t_156329_15	org.matsim.vehicles.VehicleType@75fa1be3	-1	freight_aldi_DISCOUNTER_TROCKEN_veh_heavy26t_156329_15	67290.0	29317.0	106718.69804455801	-72.1517723101461	9
freight_aldi_DISCOUNTER_TROCKEN_veh_heavy26t_electro_112787_5	org.matsim.vehicles.VehicleType@e8e0dec	-1	freight_aldi_DISCOUNTER_TROCKEN_veh_heavy26t_electro_112787_5	73630.0	33512.0	88393.22994377985	-100.56567444047856	9
freight_rewe_SUPERMARKT_TROCKEN_veh_heavy26t_160444_2	org.matsim.vehicles.VehicleType@75fa1be3	-1	freight_rewe_SUPERMARKT_TROCKEN_veh_heavy26t_160444_2	65560.0	28424.0	184824.6996512628	-15.445051233653595	13
freight_rewe_SUPERMARKT_TROCKEN_veh_heavy26t_160444_3	org.matsim.vehicles.VehicleType@75fa1be3	-1	freight_rewe_SUPERMARKT_TROCKEN_veh_heavy26t_160444_3	59370.0	25529.0	140295.05835524807	-31.094410901983753	13
freight_rewe_SUPERMARKT_TROCKEN_veh_heavy26t_160444_0	org.matsim.vehicles.VehicleType@75fa1be3	-1	freight_rewe_SUPERMARKT_TROCKEN_veh_heavy26t_160444_0	58184.0	25832.0	180284.293478719	-5.786323369257928	9
freight_rewe_SUPERMARKT_TROCKEN_veh_heavy26t_160444_1	org.matsim.vehicles.VehicleType@75fa1be3	-1	freight_rewe_SUPERMARKT_TROCKEN_veh_heavy26t_160444_1	62914.0	27656.0	170092.86296977688	-21.55218181024955	9
freight_netto_SUPERMARKT_TROCKEN_veh_heavy26t_35300_0	org.matsim.vehicles.VehicleType@75fa1be3	-1	freight_netto_SUPERMARKT_TROCKEN_veh_heavy26t_35300_0	72894.0	32299.0	182609.19153280466	-35.91694167302078	9
freight_rewe_VERBRAUCHERMARKT_FRISCHE_veh_light8t_160444_0	org.matsim.vehicles.VehicleType@2d82408	-1	freight_rewe_VERBRAUCHERMARKT_FRISCHE_veh_light8t_160444_0	28022.0	12734.0	137686.98955824116	-7.321804176703519	5
freight_edeka_SUPERMARKT_TIEFKUEHL_veh_heavy26t_frozen_95392_1	org.matsim.vehicles.VehicleType@3ce53f6a	-1	freight_edeka_SUPERMARKT_TIEFKUEHL_veh_heavy26t_frozen_95392_1	72654.0	27219.0	134500.70612062482	-43.25762689918132	51
freight_rewe_SUPERMARKT_FRISCHE_veh_heavy26t_160444_6	org.matsim.vehicles.VehicleType@75fa1be3	-1	freight_rewe_SUPERMARKT_FRISCHE_veh_heavy26t_160444_6	32746.0	12008.0	78122.06059382421	-6.497419402137792	17
freight_aldi_DISCOUNTER_FRISCHE_veh_light8t_156329_4	org.matsim.vehicles.VehicleType@2d82408	-1	freight_aldi_DISCOUNTER_FRISCHE_veh_light8t_156329_4	11152.0	3948.0	19123.28003131427	-11.695887987474292	5
freight_edeka_SUPERMARKT_TIEFKUEHL_veh_heavy26t_frozen_95392_0	org.matsim.vehicles.VehicleType@3ce53f6a	-1	freight_edeka_SUPERMARKT_TIEFKUEHL_veh_heavy26t_frozen_95392_0	74124.0	30056.0	188722.3398015755	-20.830432332944508	47
freight_norma_DISCOUNTER_TROCKEN_veh_heavy26t_132345_0	org.matsim.vehicles.VehicleType@75fa1be3	-1	freight_norma_DISCOUNTER_TROCKEN_veh_heavy26t_132345_0	39444.0	15342.0	91177.82697371017	-14.086655927614121	5
freight_rewe_SUPERMARKT_FRISCHE_veh_heavy26t_160444_7	org.matsim.vehicles.VehicleType@75fa1be3	-1	freight_rewe_SUPERMARKT_FRISCHE_veh_heavy26t_160444_7	34734.0	13020.0	95284.65913778615	0.042721622316695795	11
freight_norma_DISCOUNTER_TROCKEN_veh_heavy26t_132345_1	org.matsim.vehicles.VehicleType@75fa1be3	-1	freight_norma_DISCOUNTER_TROCKEN_veh_heavy26t_132345_1	52924.0	22128.0	86913.71738895754	-50.19500934939848	9
freight_rewe_SUPERMARKT_FRISCHE_veh_heavy26t_160444_4	org.matsim.vehicles.VehicleType@75fa1be3	-1	freight_rewe_SUPERMARKT_FRISCHE_veh_heavy26t_160444_4	40438.0	15845.0	124785.68733153377	5.965910512127632	11
freight_rewe_SUPERMARKT_FRISCHE_veh_heavy26t_160444_5	org.matsim.vehicles.VehicleType@75fa1be3	-1	freight_rewe_SUPERMARKT_FRISCHE_veh_heavy26t_160444_5	38980.0	15103.0	117965.70039358211	5.032319263700032	17
freight_kaiser_SUPERMARKT_TROCKEN_veh_heavy26t_electro_112414_0	org.matsim.vehicles.VehicleType@e8e0dec	-1	freight_kaiser_SUPERMARKT_TROCKEN_veh_heavy26t_electro_112414_0	77026.0	36330.0	96518.62776324418	-108.52358801046415	13
freight_rewe_SUPERMARKT_FRISCHE_veh_heavy26t_160444_8	org.matsim.vehicles.VehicleType@75fa1be3	-1	freight_rewe_SUPERMARKT_FRISCHE_veh_heavy26t_160444_8	38918.0	15099.0	118648.34633282533	5.509292042992942	17
freight_rewe_SUPERMARKT_FRISCHE_veh_heavy26t_160444_9	org.matsim.vehicles.VehicleType@75fa1be3	-1	freight_rewe_SUPERMARKT_FRISCHE_veh_heavy26t_160444_9	72688.0	31961.0	188962.49349229402	-30.004029360162928	27
freight_rewe_SUPERMARKT_FRISCHE_veh_heavy26t_160444_2	org.matsim.vehicles.VehicleType@75fa1be3	-1	freight_rewe_SUPERMARKT_FRISCHE_veh_heavy26t_160444_2	36478.0	13843.0	102048.64842558086	0.5418944451390819	15
freight_rewe_SUPERMARKT_FRISCHE_veh_heavy26t_160444_3	org.matsim.vehicles.VehicleType@75fa1be3	-1	freight_rewe_SUPERMARKT_FRISCHE_veh_heavy26t_160444_3	42990.0	17103.0	121390.13714809621	-2.473308110775484	21
freight_rewe_SUPERMARKT_FRISCHE_veh_heavy26t_160444_0	org.matsim.vehicles.VehicleType@75fa1be3	-1	freight_rewe_SUPERMARKT_FRISCHE_veh_heavy26t_160444_0	38262.0	14762.0	102104.99454423269	-3.9234536553640935	19
freight_rewe_SUPERMARKT_FRISCHE_veh_heavy26t_160444_1	org.matsim.vehicles.VehicleType@75fa1be3	-1	freight_rewe_SUPERMARKT_FRISCHE_veh_heavy26t_160444_1	45030.0	18110.0	119347.24856019247	-8.776343464671111	25
freight_edeka_DISCOUNTER_TROCKEN_veh_heavy26t_19384_14	org.matsim.vehicles.VehicleType@75fa1be3	-1	freight_edeka_DISCOUNTER_TROCKEN_veh_heavy26t_19384_14	27222.0	10302.0	48729.44316194302	-17.8310730814982	5
freight_edeka_DISCOUNTER_TROCKEN_veh_heavy26t_19384_10	org.matsim.vehicles.VehicleType@75fa1be3	-1	freight_edeka_DISCOUNTER_TROCKEN_veh_heavy26t_19384_10	51522.0	21544.0	88570.81565297204	-46.22315351250875	11
freight_edeka_DISCOUNTER_TROCKEN_veh_heavy26t_19384_11	org.matsim.vehicles.VehicleType@75fa1be3	-1	freight_edeka_DISCOUNTER_TROCKEN_veh_heavy26t_19384_11	60072.0	26007.0	97315.11879499449	-62.23317040735364	11
freight_edeka_DISCOUNTER_TROCKEN_veh_heavy26t_19384_12	org.matsim.vehicles.VehicleType@75fa1be3	-1	freight_edeka_DISCOUNTER_TROCKEN_veh_heavy26t_19384_12	73332.0	32262.0	97455.09169879109	-92.78888856180998	15
freight_edeka_DISCOUNTER_TROCKEN_veh_heavy26t_19384_13	org.matsim.vehicles.VehicleType@75fa1be3	-1	freight_edeka_DISCOUNTER_TROCKEN_veh_heavy26t_19384_13	58128.0	25575.0	105613.14083677402	-54.55669563936151	11
freight_edeka_DISCOUNTER_TROCKEN_veh_heavy26t_electro_19384_0	org.matsim.vehicles.VehicleType@e8e0dec	-1	freight_edeka_DISCOUNTER_TROCKEN_veh_heavy26t_electro_19384_0	52778.0	22532.0	75369.70461393474	-56.140612677967	11
freight_aldi_DISCOUNTER_FRISCHE_veh_heavy26t_156329_1	org.matsim.vehicles.VehicleType@75fa1be3	-1	freight_aldi_DISCOUNTER_FRISCHE_veh_heavy26t_156329_1	73924.0	32810.0	109162.44378730991	-87.63016266250224	33
freight_aldi_DISCOUNTER_FRISCHE_veh_heavy26t_156329_2	org.matsim.vehicles.VehicleType@75fa1be3	-1	freight_aldi_DISCOUNTER_FRISCHE_veh_heavy26t_156329_2	60514.0	25925.0	112022.79923076098	-51.97722451538996	23
freight_edeka_DISCOUNTER_TROCKEN_veh_heavy26t_electro_19384_4	org.matsim.vehicles.VehicleType@e8e0dec	-1	freight_edeka_DISCOUNTER_TROCKEN_veh_heavy26t_electro_19384_4	35718.0	13467.0	64698.58144720363	-19.405321358013378	7
freight_aldi_DISCOUNTER_TROCKEN_veh_heavy26t_112787_18	org.matsim.vehicles.VehicleType@75fa1be3	-1	freight_aldi_DISCOUNTER_TROCKEN_veh_heavy26t_112787_18	68544.0	30047.0	68427.35169843253	-101.38397436205021	11
freight_aldi_DISCOUNTER_TROCKEN_veh_heavy26t_112787_17	org.matsim.vehicles.VehicleType@75fa1be3	-1	freight_aldi_DISCOUNTER_TROCKEN_veh_heavy26t_112787_17	67756.0	31098.0	99847.26006833298	-85.4825357542169	9
freight_rewe_SUPERMARKT_FRISCHE_veh_heavy26t_160444_11	org.matsim.vehicles.VehicleType@75fa1be3	-1	freight_rewe_SUPERMARKT_FRISCHE_veh_heavy26t_160444_11	41884.0	16541.0	111290.29227906353	-6.486404173027398	17
freight_rewe_SUPERMARKT_FRISCHE_veh_heavy26t_160444_12	org.matsim.vehicles.VehicleType@75fa1be3	-1	freight_rewe_SUPERMARKT_FRISCHE_veh_heavy26t_160444_12	29672.0	10458.0	69570.86382950221	-4.631721234233486	13
freight_aldi_DISCOUNTER_FRISCHE_veh_heavy26t_112787_13	org.matsim.vehicles.VehicleType@75fa1be3	-1	freight_aldi_DISCOUNTER_FRISCHE_veh_heavy26t_112787_13	56500.0	24233.0	64733.59034842798	-75.37019446655329	25
freight_aldi_DISCOUNTER_TROCKEN_veh_medium18t_electro_124602_3	org.matsim.vehicles.VehicleType@19650aa6	-1	freight_aldi_DISCOUNTER_TROCKEN_veh_medium18t_electro_124602_3	34192.0	14526.0	68935.50944230733	-33.262869806730926	5
freight_rewe_SUPERMARKT_FRISCHE_veh_heavy26t_160444_10	org.matsim.vehicles.VehicleType@75fa1be3	-1	freight_rewe_SUPERMARKT_FRISCHE_veh_heavy26t_160444_10	35334.0	13498.0	84440.29449116871	-9.565202690916909	13
freight_kaiser_SUPERMARKT_TROCKEN_veh_heavy26t_112414_8	org.matsim.vehicles.VehicleType@75fa1be3	-1	freight_kaiser_SUPERMARKT_TROCKEN_veh_heavy26t_112414_8	73160.0	34217.0	58715.004130317684	-128.32424723268701	9
freight_kaiser_SUPERMARKT_TROCKEN_veh_heavy26t_112414_9	org.matsim.vehicles.VehicleType@75fa1be3	-1	freight_kaiser_SUPERMARKT_TROCKEN_veh_heavy26t_112414_9	72960.0	33216.0	102385.96805037386	-94.15980140624949	13
freight_kaiser_SUPERMARKT_TROCKEN_veh_heavy26t_112414_7	org.matsim.vehicles.VehicleType@75fa1be3	-1	freight_kaiser_SUPERMARKT_TROCKEN_veh_heavy26t_112414_7	74112.0	32712.0	97199.62807706751	-95.16504918836492	11
freight_kaiser_SUPERMARKT_TROCKEN_veh_heavy26t_112414_4	org.matsim.vehicles.VehicleType@75fa1be3	-1	freight_kaiser_SUPERMARKT_TROCKEN_veh_heavy26t_112414_4	73800.0	33073.0	99481.06405670327	-95.40538708200899	9
freight_kaiser_SUPERMARKT_TROCKEN_veh_heavy26t_112414_2	org.matsim.vehicles.VehicleType@75fa1be3	-1	freight_kaiser_SUPERMARKT_TROCKEN_veh_heavy26t_112414_2	65530.0	28962.0	82114.11183953055	-86.89734506751452	11
freight_kaiser_SUPERMARKT_TROCKEN_veh_heavy26t_112414_3	org.matsim.vehicles.VehicleType@75fa1be3	-1	freight_kaiser_SUPERMARKT_TROCKEN_veh_heavy26t_112414_3	73402.0	33078.0	70479.19841500766	-114.86113706194487	9
freight_kaiser_SUPERMARKT_TROCKEN_veh_heavy26t_112414_1	org.matsim.vehicles.VehicleType@75fa1be3	-1	freight_kaiser_SUPERMARKT_TROCKEN_veh_heavy26t_112414_1	69784.0	31449.0	86276.65413346907	-96.29474173057562	9
freight_kaiser_VERBRAUCHERMARKT_FRISCHE_veh_heavy26t_112414_0	org.matsim.vehicles.VehicleType@75fa1be3	-1	freight_kaiser_VERBRAUCHERMARKT_FRISCHE_veh_heavy26t_112414_0	49022.0	21057.0	87701.24215040059	-44.41946775923155	17
freight_edeka_VERBRAUCHERMARKT_TROCKEN_veh_heavy40t_59933_0	org.matsim.vehicles.VehicleType@12d1f1d4	-1	freight_edeka_VERBRAUCHERMARKT_TROCKEN_veh_heavy40t_59933_0	23748.0	8808.0	80983.70923846954	6.642039374544006	3
freight_aldi_DISCOUNTER_FRISCHE_veh_heavy26t_124602_14	org.matsim.vehicles.VehicleType@75fa1be3	-1	freight_aldi_DISCOUNTER_FRISCHE_veh_heavy26t_124602_14	69444.0	30344.0	129849.27596937925	-61.68658510051591	25
freight_rewe_SUPERMARKT_TROCKEN_veh_heavy26t_160444_10	org.matsim.vehicles.VehicleType@75fa1be3	-1	freight_rewe_SUPERMARKT_TROCKEN_veh_heavy26t_160444_10	37268.0	14292.0	123607.29971992124	12.786090812347291	7
freight_aldi_DISCOUNTER_TROCKEN_veh_heavy26t_electro_156329_12	org.matsim.vehicles.VehicleType@e8e0dec	-1	freight_aldi_DISCOUNTER_TROCKEN_veh_heavy26t_electro_156329_12	56750.0	25848.0	75314.36597805157	-72.4288564958028	9
freight_rewe_SUPERMARKT_TROCKEN_veh_heavy26t_160444_11	org.matsim.vehicles.VehicleType@75fa1be3	-1	freight_rewe_SUPERMARKT_TROCKEN_veh_heavy26t_160444_11	51966.0	21645.0	144144.24490692574	-9.483855912359608	9
freight_edeka_SUPERMARKT_FRISCHE_veh_heavy26t_95392_7	org.matsim.vehicles.VehicleType@75fa1be3	-1	freight_edeka_SUPERMARKT_FRISCHE_veh_heavy26t_95392_7	66742.0	29020.0	192764.47157542343	-13.045804044466362	19
freight_edeka_SUPERMARKT_FRISCHE_veh_heavy26t_95392_6	org.matsim.vehicles.VehicleType@75fa1be3	-1	freight_edeka_SUPERMARKT_FRISCHE_veh_heavy26t_95392_6	63970.0	27589.0	202012.2383631688	0.16209970332317683	19
freight_edeka_SUPERMARKT_FRISCHE_veh_heavy26t_95392_9	org.matsim.vehicles.VehicleType@75fa1be3	-1	freight_edeka_SUPERMARKT_FRISCHE_veh_heavy26t_95392_9	35208.0	13238.0	90351.82583888613	-4.330476687946261	13
freight_edeka_SUPERMARKT_FRISCHE_veh_heavy26t_95392_8	org.matsim.vehicles.VehicleType@75fa1be3	-1	freight_edeka_SUPERMARKT_FRISCHE_veh_heavy26t_95392_8	65732.0	28474.0	223473.01826825787	10.204322239732438	19
freight_aldi_DISCOUNTER_FRISCHE_veh_heavy26t_electro_156329_15	org.matsim.vehicles.VehicleType@e8e0dec	-1	freight_aldi_DISCOUNTER_FRISCHE_veh_heavy26t_electro_156329_15	49550.0	20443.0	53206.78029476486	-61.86181818776927	23
freight_aldi_DISCOUNTER_TROCKEN_veh_heavy26t_electro_156329_10	org.matsim.vehicles.VehicleType@e8e0dec	-1	freight_aldi_DISCOUNTER_TROCKEN_veh_heavy26t_electro_156329_10	71686.0	31515.0	87925.08708470577	-91.11743729901175	11
freight_rewe_DISCOUNTER_FRISCHE_veh_heavy26t_electro_159381_4	org.matsim.vehicles.VehicleType@e8e0dec	-1	freight_rewe_DISCOUNTER_FRISCHE_veh_heavy26t_electro_159381_4	38658.0	14934.0	64619.48090384806	-26.650573749229416	19
freight_norma_DISCOUNTER_TIEFKUEHL_veh_light8t_frozen_132345_0	org.matsim.vehicles.VehicleType@42714a7	-1	freight_norma_DISCOUNTER_TIEFKUEHL_veh_light8t_frozen_132345_0	45250.0	20268.0	119139.44786837252	-51.657420852650915	23
freight_edeka_SUPERMARKT_TROCKEN_veh_heavy26t_59933_3	org.matsim.vehicles.VehicleType@75fa1be3	-1	freight_edeka_SUPERMARKT_TROCKEN_veh_heavy26t_59933_3	73238.0	32290.0	195764.4258446044	-27.05883468411524	11
freight_edeka_SUPERMARKT_TROCKEN_veh_heavy26t_59933_4	org.matsim.vehicles.VehicleType@75fa1be3	-1	freight_edeka_SUPERMARKT_TROCKEN_veh_heavy26t_59933_4	72656.0	33260.0	203443.76830380212	-26.66667523645263	11
freight_edeka_SUPERMARKT_TROCKEN_veh_heavy26t_59933_1	org.matsim.vehicles.VehicleType@75fa1be3	-1	freight_edeka_SUPERMARKT_TROCKEN_veh_heavy26t_59933_1	72822.0	32799.0	210102.1171233107	-19.94668152738188	9
freight_edeka_SUPERMARKT_TROCKEN_veh_heavy26t_59933_2	org.matsim.vehicles.VehicleType@75fa1be3	-1	freight_edeka_SUPERMARKT_TROCKEN_veh_heavy26t_59933_2	63006.0	27172.0	182013.60349613632	-11.193685657588716	9
freight_edeka_SUPERMARKT_TROCKEN_veh_heavy26t_59933_7	org.matsim.vehicles.VehicleType@75fa1be3	-1	freight_edeka_SUPERMARKT_TROCKEN_veh_heavy26t_59933_7	73770.0	33279.0	217690.51871732416	-17.214452459392938	13
freight_kaiser_SUPERMARKT_FRISCHE_veh_heavy26t_112414_2	org.matsim.vehicles.VehicleType@75fa1be3	-1	freight_kaiser_SUPERMARKT_FRISCHE_veh_heavy26t_112414_2	51332.0	21833.0	48603.93339406976	-74.4170646259732	21
freight_edeka_SUPERMARKT_TROCKEN_veh_heavy26t_59933_8	org.matsim.vehicles.VehicleType@75fa1be3	-1	freight_edeka_SUPERMARKT_TROCKEN_veh_heavy26t_59933_8	57918.0	25173.0	174157.0624710097	-6.662468144423666	9
freight_kaiser_SUPERMARKT_FRISCHE_veh_heavy26t_112414_3	org.matsim.vehicles.VehicleType@75fa1be3	-1	freight_kaiser_SUPERMARKT_FRISCHE_veh_heavy26t_112414_3	50550.0	22188.0	74670.1101223962	-58.6922262179945	23
freight_edeka_SUPERMARKT_TROCKEN_veh_heavy26t_59933_5	org.matsim.vehicles.VehicleType@75fa1be3	-1	freight_edeka_SUPERMARKT_TROCKEN_veh_heavy26t_59933_5	68128.0	29737.0	212481.76582136916	-3.3485168996826884	11
freight_kaiser_SUPERMARKT_FRISCHE_veh_heavy26t_112414_0	org.matsim.vehicles.VehicleType@75fa1be3	-1	freight_kaiser_SUPERMARKT_FRISCHE_veh_heavy26t_112414_0	54990.0	23132.0	77411.6879651471	-61.4809690633514	15
freight_edeka_SUPERMARKT_TROCKEN_veh_heavy26t_59933_6	org.matsim.vehicles.VehicleType@75fa1be3	-1	freight_edeka_SUPERMARKT_TROCKEN_veh_heavy26t_59933_6	72360.0	32572.0	249250.87698416624	7.395287579391329	7
freight_kaiser_SUPERMARKT_FRISCHE_veh_heavy26t_112414_1	org.matsim.vehicles.VehicleType@75fa1be3	-1	freight_kaiser_SUPERMARKT_FRISCHE_veh_heavy26t_112414_1	55486.0	27360.0	77499.00107382853	-82.13966928053489	17
freight_kaiser_SUPERMARKT_FRISCHE_veh_heavy26t_112414_6	org.matsim.vehicles.VehicleType@75fa1be3	-1	freight_kaiser_SUPERMARKT_FRISCHE_veh_heavy26t_112414_6	70162.0	30730.0	117635.28744742325	-71.76135741022652	31
freight_kaiser_SUPERMARKT_FRISCHE_veh_heavy26t_112414_7	org.matsim.vehicles.VehicleType@75fa1be3	-1	freight_kaiser_SUPERMARKT_FRISCHE_veh_heavy26t_112414_7	74488.0	32875.0	99901.45586232682	-94.153524572241	33
freight_edeka_SUPERMARKT_FRISCHE_veh_heavy26t_95392_1	org.matsim.vehicles.VehicleType@75fa1be3	-1	freight_edeka_SUPERMARKT_FRISCHE_veh_heavy26t_95392_1	66628.0	28900.0	187430.59854884827	-16.031498972271727	29
freight_kaiser_SUPERMARKT_FRISCHE_veh_heavy26t_112414_4	org.matsim.vehicles.VehicleType@75fa1be3	-1	freight_kaiser_SUPERMARKT_FRISCHE_veh_heavy26t_112414_4	65542.0	30768.0	77016.38438133408	-99.16222246450599	19
freight_edeka_SUPERMARKT_FRISCHE_veh_heavy26t_95392_0	org.matsim.vehicles.VehicleType@75fa1be3	-1	freight_edeka_SUPERMARKT_FRISCHE_veh_heavy26t_95392_0	60258.0	25774.0	200875.73448803948	8.29414210698628	17
freight_kaiser_SUPERMARKT_FRISCHE_veh_heavy26t_112414_5	org.matsim.vehicles.VehicleType@75fa1be3	-1	freight_kaiser_SUPERMARKT_FRISCHE_veh_heavy26t_112414_5	42950.0	20912.0	48115.020311712935	-70.23173639115232	19
freight_edeka_SUPERMARKT_FRISCHE_veh_heavy26t_95392_3	org.matsim.vehicles.VehicleType@75fa1be3	-1	freight_edeka_SUPERMARKT_FRISCHE_veh_heavy26t_95392_3	55320.0	23273.0	195811.79277065536	17.156201156339137	23
freight_edeka_SUPERMARKT_FRISCHE_veh_heavy26t_95392_2	org.matsim.vehicles.VehicleType@75fa1be3	-1	freight_edeka_SUPERMARKT_FRISCHE_veh_heavy26t_95392_2	56798.0	24021.0	185914.23084706496	6.859634667533256	21
freight_edeka_SUPERMARKT_TROCKEN_veh_heavy26t_59933_0	org.matsim.vehicles.VehicleType@75fa1be3	-1	freight_edeka_SUPERMARKT_TROCKEN_veh_heavy26t_59933_0	71990.0	31659.0	191056.1232360847	-27.12149743182327	11
freight_edeka_SUPERMARKT_FRISCHE_veh_heavy26t_95392_5	org.matsim.vehicles.VehicleType@75fa1be3	-1	freight_edeka_SUPERMARKT_FRISCHE_veh_heavy26t_95392_5	67274.0	29232.0	215391.05869823278	1.0752093278158945	29
freight_kaiser_SUPERMARKT_FRISCHE_veh_heavy26t_112414_8	org.matsim.vehicles.VehicleType@75fa1be3	-1	freight_kaiser_SUPERMARKT_FRISCHE_veh_heavy26t_112414_8	35108.0	13173.0	53101.761658793206	-28.969519688608532	17
freight_edeka_SUPERMARKT_FRISCHE_veh_heavy26t_95392_4	org.matsim.vehicles.VehicleType@75fa1be3	-1	freight_edeka_SUPERMARKT_FRISCHE_veh_heavy26t_95392_4	64146.0	27708.0	217341.33253894845	9.849492801095344	21
freight_kaiser_SUPERMARKT_FRISCHE_veh_heavy26t_112414_9	org.matsim.vehicles.VehicleType@75fa1be3	-1	freight_kaiser_SUPERMARKT_FRISCHE_veh_heavy26t_112414_9	67792.0	29521.0	97534.98104372353	-79.30446270070522	29
freight_aldi_DISCOUNTER_FRISCHE_veh_heavy26t_124602_11	org.matsim.vehicles.VehicleType@75fa1be3	-1	freight_aldi_DISCOUNTER_FRISCHE_veh_heavy26t_124602_11	27064.0	9515.0	48534.49887701428	-14.105385752400437	11
freight_aldi_DISCOUNTER_TIEFKUEHL_veh_light8t_frozen_112787_0	org.matsim.vehicles.VehicleType@42714a7	-1	freight_aldi_DISCOUNTER_TIEFKUEHL_veh_light8t_frozen_112787_0	72934.0	31948.0	132304.0977086666	-103.62356091653326	45
freight_aldi_DISCOUNTER_TIEFKUEHL_veh_light8t_frozen_112787_1	org.matsim.vehicles.VehicleType@42714a7	-1	freight_aldi_DISCOUNTER_TIEFKUEHL_veh_light8t_frozen_112787_1	66406.0	28944.0	132599.37334509313	-88.78585066196273	39
freight_aldi_DISCOUNTER_TIEFKUEHL_veh_light8t_frozen_112787_2	org.matsim.vehicles.VehicleType@42714a7	-1	freight_aldi_DISCOUNTER_TIEFKUEHL_veh_light8t_frozen_112787_2	68552.0	30346.0	133278.19873862542	-95.38412050454971	41
freight_edeka_SUPERMARKT_TROCKEN_veh_heavy26t_59933_9	org.matsim.vehicles.VehicleType@75fa1be3	-1	freight_edeka_SUPERMARKT_TROCKEN_veh_heavy26t_59933_9	54476.0	23089.0	162353.6060195593	-4.35918396689541	9
